<?xml version="1.0"?>
<root><sitename><![CDATA[OGMA CMS]]></sitename><siteurl><![CDATA[http://ogmalive/]]></siteurl><template><![CDATA[bootstrap]]></template><bootstrap><![CDATA[1]]></bootstrap><language><![CDATA[en]]></language><minify><![CDATA[0]]></minify><metadesc><![CDATA[]]></metadesc><metak><![CDATA[]]></metak><timezone><![CDATA[Europe/Dublin]]></timezone><dateformat><![CDATA[d/m/Y]]></dateformat><timeformat><![CDATA[g:i a]]></timeformat><debug><![CDATA[1]]></debug><maintenance><![CDATA[0]]></maintenance><maintmessage><![CDATA[Were redesigning the site at the moment....]]></maintmessage><cdn><![CDATA[0]]></cdn><salt><![CDATA[gtfZwu+llbmB -RsXokXfGEp2%L4a3kM]]></salt><email><![CDATA[mike@digimute.com]]></email></root>
