<?xml version="1.0"?>
<root><pubdate><![CDATA[1384438260]]></pubdate><title><![CDATA[Welcome]]></title><slug><![CDATA[index]]></slug><metak><![CDATA[OGMS, xml , CMS]]></metak><metad><![CDATA[]]></metad><menu><![CDATA[Home]]></menu><menuOrder><![CDATA[1]]></menuOrder><menuStatus><![CDATA[Y]]></menuStatus><template><![CDATA[template.php]]></template><parent><![CDATA[]]></parent><content><![CDATA[[jumbotron fullwidth='true']        
#[title]
Congratulations, your new OGMS CMS site is now installed and ready for use.   

[button type='primary' value='Learn More' /]
[/jumbotron]

[button type='warning' value='Download' icon=&quot;repeat&quot; /]

[collapse id='faq']
[citem title='FAQ 1' parent='faq' id=&quot;faq1&quot;] thsi sis lajs akj sa[/citem]
[citem title='FAQ 2' parent='faq' id=&quot;faq2&quot;] thsi sis lajs akj sa[/citem]
[/collapse]

&gt; sjdkajhsa kdjhas kdjh sakjdh sakjd hksaj hdkjsa hdkjsah
aslkdja lskdj lsakdj lsakjd
saldkjas lkdjalskdjas  

[panel type=&quot;success&quot; title=&quot;This is a panel title&quot; ]This is a panel[/panel]

Days to go until launch [badge]15[/badge]

This is a [label]Label[/label]

- To serve you/your [icode]employees[/icode] during work hours, all from your work's car park (daily, weekly, monthly, etc.). 
- Corporate Events such as new product/partnership/expansion [tooltip]announcements[/tooltip], client and employee appreciation days, etc.
- Family Fun Days, Festivals, Fairs, etc.
- Wedding Celebrations
- Divorce Celebrations
- Birthday Parties
- You're in denial about [getting](http://www.digimute.com) older parties
- Any occasion!  

[code]
10 for f = 1 to 20
20 print f
30 next f
[/code]

**Terms and Conditions do apply but let's not get all doughy-eyed about those!**]]></content><private><![CDATA[1]]></private><status><![CDATA[Published]]></status><author><![CDATA[Mike Swan]]></author><robots><![CDATA[index, follow]]></robots><id>1</id><route><![CDATA[]]></route><metat><![CDATA[test]]></metat></root>
