<?xml version="1.0" encoding="UTF-8"?><root><options><id><![CDATA[1]]></id><private><![CDATA[1]]></private><cache><![CDATA[id|slug|title|status|pubdate]]></cache></options><fields><slug><![CDATA[slug]]></slug><title><![CDATA[textlong]]></title><pubdate><![CDATA[datetimepicker]]></pubdate><author><![CDATA[textlong]]></author><tags><![CDATA[textlong]]></tags><status><![CDATA[dropdown]]></status><comments><![CDATA[checkbox]]></comments><metat><![CDATA[text]]></metat><metad><![CDATA[textarea]]></metad><metak><![CDATA[textlong]]></metak><content><![CDATA[editor]]></content><id><![CDATA[int]]></id></fields></root>