<?xml version="1.0"?>
<root><options><id>7</id><private><![CDATA[1]]></private><cache><![CDATA[id|slug|title|status|pubdate|parent]]></cache></options><fields><slug><![CDATA[slug]]></slug><parent><![CDATA[pages]]></parent><title><![CDATA[textlong]]></title><pubdate><![CDATA[datetimepicker]]></pubdate><template><![CDATA[templates]]></template><metat><![CDATA[text]]></metat><metak><![CDATA[textlong]]></metak><metad><![CDATA[textarea]]></metad><robots><![CDATA[dropdown]]></robots><status><![CDATA[dropdown]]></status><private><![CDATA[yesno]]></private><content><![CDATA[editor]]></content><author><![CDATA[textlong]]></author><id>int</id></fields></root>
