<?xml version="1.0"?>
<root><slug><![CDATA[404]]></slug><parent><![CDATA[]]></parent><title><![CDATA[404]]></title><pubdate><![CDATA[1359841548]]></pubdate><template><![CDATA[template.php]]></template><metak><![CDATA[]]></metak><metad><![CDATA[]]></metad><robots><![CDATA[index, follow]]></robots><status><![CDATA[Published]]></status><private><![CDATA[1]]></private><content><![CDATA[Error page....
]]></content><author><![CDATA[]]></author><id>0</id><route><![CDATA[]]></route><metat><![CDATA[]]></metat></root>
