<?xml version="1.0"?>
<root><item><time>1391814039</time><user>admin</user><desc>admin logged in.</desc></item><item><time>1392118029</time><user>admin</user><desc>admin logged in.</desc></item><item><time>1392201644</time><user>admin</user><desc>admin logged in.</desc></item><item><time>1392305324</time><user>admin</user><desc>admin logged out.</desc></item><item><time>1392306172</time><user/><desc> logged out.</desc></item><item><time>1392306172</time><user>admin</user><desc>admin logged in.</desc></item><item><time>1392332206</time><user>admin</user><desc>admin logged in.</desc></item><item><time>1392341874</time><user>admin</user><desc>admin logged in.</desc></item><item><time>1392395584</time><user>admin</user><desc>admin updated record themehooks / 1.</desc></item><item><time>1392395586</time><user>admin</user><desc>admin updated record themehooks / 1.</desc></item><item><time>1392395588</time><user>admin</user><desc>admin updated record themehooks / 1.</desc></item><item><time>1392395602</time><user>admin</user><desc>admin updated record themehooks / 1.</desc></item><item><time>1392395611</time><user>admin</user><desc>admin updated record themehooks / 1.</desc></item><item><time>1392397079</time><user>admin</user><desc>admin logged out.</desc></item><item><time>1392405821</time><user>admin</user><desc>admin logged in.</desc></item><item><time>1392418311</time><user>admin</user><desc>admin logged in.</desc></item><item><time>1392424371</time><user>admin</user><desc>admin updated record pages / 1.</desc></item><item><time>1392424520</time><user>admin</user><desc>admin updated record snippets / 5.</desc></item><item><time>1392424553</time><user>admin</user><desc>admin updated record snippets / 5.</desc></item><item><time>1392424568</time><user>admin</user><desc>admin updated record snippets / 5.</desc></item><item><time>1392424578</time><user>admin</user><desc>admin updated record components / 1.</desc></item><item><time>1392424598</time><user>admin</user><desc>admin updated record components / 1.</desc></item><item><time>1392424602</time><user>admin</user><desc>admin updated record components / 1.</desc></item><item><time>1392470275</time><user>admin</user><desc>admin logged in.</desc></item><item><time>1392470296</time><user>admin</user><desc>admin updated record themehooks / 4.</desc></item><item><time>1392471542</time><user>admin</user><desc>admin updated record snippets / 6.</desc></item><item><time>1392471612</time><user>admin</user><desc>admin updated record snippets / 6.</desc></item><item><time>1392471630</time><user>admin</user><desc>admin updated record snippets / 6.</desc></item><item><time>1392471673</time><user>admin</user><desc>admin updated record themehooks / 6.</desc></item><item><time>1392471710</time><user>admin</user><desc>admin updated record snippets / 6.</desc></item><item><time>1392471747</time><user>admin</user><desc>admin deleted record 6 from table snippets</desc></item><item><time>1392471801</time><user>admin</user><desc>admin updated record themehooks / 6.</desc></item><item><time>1392591800</time><user>admin</user><desc>admin deleted record 6 from table themehooks</desc></item><item><time>1392592256</time><user>admin</user><desc>admin changed template to bootstrap</desc></item><item><time>1392593649</time><user>admin</user><desc>admin updated record snippets / 5.</desc></item><item><time>1392593656</time><user>admin</user><desc>admin updated record snippets / 5.</desc></item><item><time>1392594805</time><user>admin</user><desc>admin updated record snippets / 5.</desc></item><item><time>1392595151</time><user>admin</user><desc>admin updated record components / 1.</desc></item><item><time>1392595208</time><user>admin</user><desc>admin updated record components / 1.</desc></item><item><time>1392595379</time><user>admin</user><desc>admin updated record snippets / 4.</desc></item><item><time>1392595388</time><user>admin</user><desc>admin updated record snippets / 5.</desc></item><item><time>1392595434</time><user>admin</user><desc>admin updated record snippets / 5.</desc></item><item><time>1392595472</time><user>admin</user><desc>admin updated record snippets / 5.</desc></item><item><time>1392629475</time><user>admin</user><desc>admin logged in.</desc></item></root>
