<?xml version="1.0"?>
<root><options><id>3</id><private><![CDATA[1]]></private><cache><![CDATA[id|username|password|email|role|firstname|lastname|language|reset|perms|salt]]></cache></options><fields><username><![CDATA[textlong]]></username><password><![CDATA[password]]></password><email><![CDATA[textlong]]></email><role><![CDATA[dropdown]]></role><firstname><![CDATA[textlong]]></firstname><lastname><![CDATA[textlong]]></lastname><language><![CDATA[dropdown]]></language><reset><![CDATA[textlong]]></reset><perms><![CDATA[textlong]]></perms><salt><![CDATA[textlong]]></salt><id>int</id></fields></root>
