<?xml version="1.0" encoding="utf-8"?>
<root>
	<theme>
		<name>Bootstrap</name>
		<version>1.00</version>
		<author>Twitter</author>
		<website>getbootstrap.com</website>
		<description>Default Bootstrap theme for OGMA CMS</description>
	</theme>
	<options>
		<logo>text</logo>
		<title>text</title>
		<theme>text</theme>
		<footer>text</footer>
	</options>
	<hooks>
		<bootstrap-main-sidebar>Bootstrap Sidebar</bootstrap-main-sidebar>
		<bootstrap-main-footer>Bootstrap Footer</bootstrap-main-footer>
	</hooks>
</root>